<?xml version="1.0" encoding="UTF-8"?>

<!--
   Plugin package manifest for vcplugin.

   *** STANDARD VERSION FOR PLUGINS WITH JAVA SERVICES (see <bundlesOrder> below) ***

   See the SDK doc on packaging and registering your plugin with vCenter at
   http://pubs.vmware.com/vsphere-65/topic/com.vmware.wcsdk.pg.doc/GUID-9E1C39FD-F649-42D7-8CFF-9BFF1063EC59.html

   id: must be unique and should match the vCenter extension key
   version: should match the vCenter extension version
   type: keep "html" for this plugin to be deployed in the vSphere HTML client.
   name: short name displayed in the Administration > Client plugins view
   scope: this flag is for dev purpose only, it allows to hot-deploy the plugin bundles in server/pickup using the
      script ./tools/deploy-war.[bat, sh].  You must also set the flag pickup.deployer=true in webclient.properties
-->
<pluginPackage id="com.cisco.aci.vcplugin" version="1.0.4" type="html" name="vcplugin"
               description="Cisco ACI Plugin for the vSphere Client" vendor="Cisco">
              <!-- scope="global"--> <!-- REMOVE THIS GLOBAL SCOPE FOR PRODUCTION -->

   <dependencies>
      <!--
         This is a required dependency on the core vSphere Client package.
         version="6.7.0" means that this plugin will be loaded by vSphere Client 6.7.0 and up
       -->
      <pluginPackage id="com.vmware.vsphere.client" version="6.7.0" />
 
      <!-- This dependency means that the plugin will only be deployed with vSphere HTML client -->
      <pluginPackage id="com.vmware.vsphere.client.html" version="6.7.0" />

      <!-- you may add dependencies on other plugin packages if necessary -->
   </dependencies>

   <bundlesOrder>
      <!--
         List of jar bundles from the /plugins directory in loading order.
         Bundle Ids must match the Bundle-SymbolicName in each bundle's MANIFEST.MF!
      -->
      <bundle id="com.google.gson" />
      <bundle id="com.cisco.aci.vcplugin.vcplugin-service" />
      <bundle id="com.cisco.aci.vcplugin.vcplugin-ui" />
   </bundlesOrder>

</pluginPackage>
